,City,Country,Lat,Lng,Max Temp,Humidity,Cloudiness,Wind Speed,Current Description
0,Puerto Penasco,MX,31.3167,-113.5333,55.9,57,91,8.99,Clouds
1,Qaanaaq,GL,77.484,-69.3632,-3.28,59,7,9.04,Clear
2,Muriae,BR,-21.1306,-42.3664,85.71,68,93,1.1,Clouds
3,Punta Arenas,CL,-53.15,-70.9167,64.11,42,72,21.27,Clouds
4,Buala,SB,-8.145,159.5921,78.78,81,79,1.19,Rain
5,Rikitea,PF,-23.1203,-134.9692,78.55,74,57,11.48,Clouds
6,Cabo San Lucas,MX,22.8909,-109.9124,74.61,64,93,6.4,Clouds
7,Mataura,NZ,-46.1927,168.8643,48.81,97,0,1.3,Clear
8,Moron,AR,-34.6534,-58.6198,91.96,63,0,3.83,Clear
9,Lebu,CL,-37.6167,-73.65,65.28,61,0,21.36,Clear
10,Eureka,US,40.8021,-124.1637,47.57,92,23,1.01,Clouds
11,Narsaq,GL,60.9167,-46.05,19.06,69,100,21.09,Clouds
12,Kuito,AO,-12.3833,16.9333,58.6,94,100,3.06,Clouds
13,Cape Town,ZA,-33.9258,18.4232,66.11,55,20,25.32,Clouds
14,Codrington,AU,-38.2667,141.9667,60.1,96,100,8.77,Rain
15,Half Moon Bay,US,37.4636,-122.4286,55.45,89,75,3.44,Mist
16,Konevo,RU,62.1215,39.3192,20.26,87,100,12.19,Clouds
17,Albany,US,42.6001,-73.9662,45.36,55,37,1.01,Clouds
18,Ushuaia,AR,-54.8,-68.3,61.57,45,9,9.48,Clear
19,Sao Filipe,CV,14.8961,-24.4956,74.77,70,32,12.19,Clouds
20,Bathsheba,BB,13.2167,-59.5167,79.05,58,62,14.14,Clouds
21,Kapaa,US,22.0752,-159.319,68.18,82,73,1.01,Clouds
22,Torrox,ES,36.7579,-3.9523,53.4,75,22,2.82,Clouds
23,Bluff,NZ,-46.6,168.3333,56.82,82,27,7.34,Clouds
24,Bethel,US,41.3712,-73.414,50.36,47,29,4.0,Clouds
25,Ulladulla,AU,-35.35,150.4667,70.23,96,83,4.92,Clouds
26,Busselton,AU,-33.65,115.3333,56.95,74,30,13.69,Clouds
27,Prince Rupert,CA,54.3161,-130.3201,32.09,100,40,4.61,Clouds
28,Butaritari,KI,3.0707,172.7902,81.01,78,13,24.9,Clouds
29,Puerto Ayora,EC,-0.7393,-90.3518,78.55,91,54,5.99,Rain
30,Kruisfontein,ZA,-34.0033,24.7314,61.88,79,93,16.42,Rain
31,Namibe,AO,-15.1961,12.1522,75.94,81,93,9.28,Clouds
32,Vaini,TO,-21.2,-175.2,80.8,77,63,7.02,Clouds
33,Okhotsk,RU,59.3833,143.3,-12.48,84,100,10.76,Clouds
34,Hilo,US,19.7297,-155.09,71.28,94,100,1.99,Rain
35,Pisco,PE,-13.7,-76.2167,78.71,62,84,8.7,Clouds
36,Foam Lake,CA,51.65,-103.5343,-13.32,96,83,12.15,Clouds
37,Kikwit,CD,-5.041,18.8162,78.66,69,95,0.94,Clouds
38,Bambous Virieux,MU,-20.3428,57.7575,78.22,85,81,4.36,Clouds
39,Thompson,CA,55.7435,-97.8558,-11.4,86,92,10.47,Clouds
40,Khatanga,RU,71.9667,102.5,-26.0,90,26,8.79,Clouds
41,Tuktoyaktuk,CA,69.4541,-133.0374,-14.51,95,24,10.16,Clouds
42,Hithadhoo,MV,-0.6,73.0833,81.36,77,75,12.73,Clouds
43,Aklavik,CA,68.2191,-135.0107,-13.09,94,60,15.52,Clouds
44,Barrow,US,71.2906,-156.7887,-9.38,77,75,11.5,Clouds
45,Kursumlija,RS,43.1458,21.2686,29.57,99,99,3.42,Clouds
46,Ottawa,CA,45.4112,-75.6981,34.09,72,100,19.57,Clouds
47,Ponta Do Sol,PT,32.6667,-17.1,62.71,66,83,7.07,Clouds
48,Yakeshi,CN,49.2833,120.7333,-18.18,100,97,0.43,Clouds
49,Samarai,PG,-10.6167,150.6667,82.51,78,70,10.11,Clouds
50,Flinders,AU,-34.5833,150.8552,75.38,91,88,5.01,Clouds
51,Saint-Francois,FR,46.4154,3.9054,36.84,72,100,9.22,Clouds
52,Shimoda,JP,34.6667,138.95,34.11,69,8,21.61,Clear
53,Lethem,GY,3.3803,-59.7968,93.27,31,8,8.66,Clear
54,Hermanus,ZA,-34.4187,19.2345,64.8,68,100,16.4,Clouds
55,Dingli,MT,35.8614,14.3822,46.56,81,75,17.27,Rain
56,Cherskiy,RU,68.75,161.3,-19.98,95,100,2.95,Clouds
57,Yellowknife,CA,62.456,-114.3525,-13.45,68,45,11.99,Clouds
58,Umm Bab,QA,25.2142,50.8072,61.21,55,0,13.73,Clear
59,Kodiak,US,57.79,-152.4072,33.31,93,100,5.75,Fog
60,Cayenne,GF,4.9333,-52.3333,77.04,83,75,10.36,Clouds
61,Bredasdorp,ZA,-34.5322,20.0403,62.76,60,100,12.08,Clouds
62,Westport,US,41.1415,-73.3579,52.36,46,29,8.01,Clouds
63,Mbanza-Ngungu,CD,-5.25,14.8667,70.48,92,51,4.21,Rain
64,Port Alfred,ZA,-33.5906,26.891,66.18,94,47,5.99,Rain
65,La Ronge,CA,55.1001,-105.2842,-6.66,87,100,14.18,Clouds
66,Palmer,US,42.1584,-72.3287,48.92,42,23,5.01,Clouds
67,Klaksvik,FO,62.2266,-6.589,43.72,83,100,29.39,Clouds
68,Makakilo City,US,21.3469,-158.0858,68.68,83,100,11.5,Clouds
69,Frunze,UA,48.6686,38.7544,29.71,82,99,11.9,Clouds
70,Mulki,IN,13.1,74.8,78.08,83,52,3.44,Clouds
71,Atuona,PF,-9.8,-139.0333,78.64,79,93,20.78,Rain
72,Mahebourg,MU,-20.4081,57.7,78.26,85,79,3.71,Clouds
73,Beloha,MG,-25.1667,45.05,78.42,76,100,24.16,Clouds
74,Birao,CF,10.2849,22.7882,81.55,12,88,5.7,Clouds
75,Pemangkat,ID,1.1667,108.9667,75.06,95,100,9.22,Rain
76,Lamar,US,33.6668,-95.5836,54.36,93,100,10.36,Clouds
77,Corinto,GR,37.9407,22.9573,46.89,75,43,1.63,Clouds
78,Ocos,GT,14.5094,-92.1933,83.46,63,60,9.33,Clouds
79,Darbhanga,IN,26.1667,85.9,58.35,62,0,6.53,Clear
80,Airai,TL,-8.9266,125.4092,61.09,93,94,1.45,Clouds
81,Seoul,KR,37.5683,126.9778,18.84,71,0,2.3,Clear
82,San Andres,CO,12.5847,-81.7006,79.29,73,75,22.24,Clouds
83,La Belgica,BO,-17.55,-63.2167,91.09,48,94,7.23,Clouds
84,Pevek,RU,69.7008,170.3133,-1.77,93,100,4.21,Clouds
85,Tura,IN,25.5198,90.2201,61.02,48,4,2.13,Clear
86,Tartus,SY,34.889,35.8866,60.06,74,97,6.73,Clouds
87,Ribeira Grande,PT,38.5167,-28.7,61.2,67,40,13.8,Clouds
88,Vanimo,PG,-2.6741,141.3028,77.27,90,94,3.4,Clouds
89,Souillac,MU,-20.5167,57.5167,79.54,87,83,5.39,Clouds
90,Tanabe,JP,33.7333,135.3667,37.26,66,74,15.75,Clouds
91,Aksarka,RU,66.5606,67.7975,-2.74,100,100,1.66,Clouds
92,Castro,BR,-24.7911,-50.0119,83.14,42,1,5.86,Clear
93,Maple Creek,CA,49.9168,-109.4848,0.7,85,99,11.95,Clouds
94,Sosva,RU,59.1766,61.8558,6.24,93,11,6.08,Clouds
95,Mar Del Plata,AR,-38.0023,-57.5575,80.83,91,60,5.99,Clouds
96,San Carlos De Bariloche,AR,-41.1456,-71.3082,78.24,38,0,6.42,Clear
97,Havre-Saint-Pierre,CA,50.2334,-63.5986,27.7,81,100,23.29,Clouds
98,Santa Cruz,BO,-17.8,-63.1667,87.85,66,75,9.22,Clouds
99,Necochea,AR,-38.5473,-58.7368,79.86,55,7,15.1,Clear
100,Kahului,US,20.8947,-156.47,69.84,96,100,6.91,Rain
101,Tazovskiy,RU,67.4667,78.7,3.85,97,100,2.64,Clouds
102,Arraial Do Cabo,BR,-22.9661,-42.0278,87.66,70,40,10.36,Clouds
103,Mao,ES,39.8885,4.2658,46.96,71,75,24.16,Clouds
104,Tokur,RU,53.1333,132.9,-39.41,100,89,2.57,Clouds
105,Pingliang,CN,35.5392,106.6861,26.8,20,1,2.59,Clear
106,Zarumilla,PE,-3.5031,-80.2731,87.64,65,40,14.97,Clouds
107,Georgetown,MY,5.4112,100.3354,80.53,65,20,9.22,Clouds
108,Aksarayskiy,RU,46.7924,48.0119,28.15,72,8,8.46,Clear
109,Fallon,US,39.4735,-118.7774,37.45,69,0,5.79,Clear
110,Upernavik,GL,72.7868,-56.1549,-1.23,92,100,1.72,Clouds
111,Port Lincoln,AU,-34.7333,135.8667,64.08,92,100,16.6,Clouds
112,Keti Bandar,PK,24.1447,67.4497,66.92,38,14,11.03,Clouds
113,Katherine,AU,-14.4667,132.2667,79.12,89,75,8.05,Rain
114,Saldanha,ZA,-33.0117,17.9442,62.74,75,42,33.04,Clouds
115,Cockburn Town,TC,21.4612,-71.1419,76.21,62,76,19.37,Clouds
116,Wewak,PG,-3.5534,143.6268,78.51,85,88,1.5,Clouds
117,Abalak,RU,58.1286,68.5944,10.02,97,92,5.95,Clouds
118,Teya,RU,60.3778,92.6267,6.15,98,100,3.56,Clouds
119,Iqaluit,CA,63.7506,-68.5145,-41.04,88,24,2.68,Clouds
120,Sibolga,ID,1.7427,98.7792,75.69,87,100,3.29,Rain
121,Grand Gaube,MU,-20.0064,57.6608,78.39,84,83,6.62,Clouds
122,Qui Nhon,VN,13.7667,109.2333,68.45,82,99,18.7,Clouds
123,Ponta Delgada,PT,37.7333,-25.6667,57.92,77,75,14.97,Clouds
124,Sayat,TM,38.7839,63.8803,32.68,64,94,6.42,Clouds
125,Ancud,CL,-41.8697,-73.8203,64.67,68,20,9.37,Clouds
126,Sistranda,NO,63.7256,8.834,35.56,87,100,33.2,Rain
127,Russellville,US,35.2784,-93.1338,53.98,51,100,8.99,Clouds
128,Guerrero Negro,MX,27.9769,-114.0611,62.87,41,95,4.43,Clouds
129,Alice Springs,AU,-23.7,133.8833,74.75,94,93,6.91,Clouds
130,Hobart,AU,-42.8794,147.3294,61.05,82,100,2.3,Clouds
131,Vestmanna,FO,62.1564,-7.1664,41.92,87,100,19.57,Rain
132,Saint-Michel-Des-Saints,CA,46.6834,-73.9159,25.93,82,99,13.85,Clouds
133,Port Elizabeth,ZA,-33.918,25.5701,64.09,99,72,3.0,Rain
134,Dodge City,US,37.7528,-100.0171,46.22,65,0,11.5,Clear
135,Bengkulu,ID,-3.8004,102.2655,76.21,88,100,10.8,Rain
136,Jamestown,US,42.097,-79.2353,35.24,60,0,12.66,Clear
137,Broome,US,42.2506,-75.833,42.35,50,0,16.11,Clear
138,Saint-Philippe,RE,-21.3585,55.7679,80.19,90,100,1.32,Clouds
139,Raudeberg,NO,61.9875,5.1352,41.67,19,99,18.12,Clouds
140,Longyearbyen,SJ,78.2186,15.6401,24.64,68,40,21.85,Clouds
141,Pochutla,MX,15.7432,-96.4661,88.83,37,0,8.32,Clear
142,Champerico,GT,14.3,-91.9167,91.94,57,70,8.34,Clouds
143,Kalaleh,IR,37.3807,55.4916,46.29,37,0,8.43,Clear
144,Sechura,PE,-5.5569,-80.8222,82.85,55,90,11.92,Clouds
145,Vilyuysk,RU,63.7553,121.6247,-59.46,100,65,2.75,Clouds
146,Scottsdale,US,33.5092,-111.899,60.84,34,0,5.99,Clear
147,Dudinka,RU,69.4058,86.1778,1.18,97,97,7.72,Clouds
148,Mapastepec,MX,15.4333,-92.9,92.97,31,40,7.34,Clouds
149,Dorado,PR,18.4588,-66.2677,81.52,68,40,18.41,Clouds
150,Provideniya,RU,64.3833,-173.3,19.54,96,100,2.1,Clouds
151,Beckley,US,37.7782,-81.1882,50.09,49,0,10.36,Clear
152,Rio Gallegos,AR,-51.6226,-69.2181,74.44,27,21,13.76,Clouds
153,Sassandra,CI,4.95,-6.0833,81.63,77,27,6.78,Rain
154,Aykhal,RU,66.0,111.5,-33.39,100,99,4.14,Clouds
155,Ouesso,CG,1.6136,16.0517,80.82,52,94,1.19,Clouds
156,Terrasini,IT,38.146,13.0844,51.22,77,20,5.75,Clouds
157,Saint George,US,37.1041,-113.5841,44.44,57,0,1.99,Clear
158,Avera,US,33.194,-82.5271,59.56,44,59,5.01,Clouds
159,Chicama,PE,-7.8447,-79.1469,70.34,57,100,9.69,Clouds
160,Pangnirtung,CA,66.1451,-65.7125,-38.43,95,99,3.85,Clouds
161,Castres,FR,43.5833,2.1667,39.81,74,100,6.91,Clouds
162,Taywarah,AF,33.35,64.4167,11.61,97,97,2.71,Clouds
163,Coihaique,CL,-45.5752,-72.0662,74.01,46,40,11.5,Clouds
164,Severo-Kurilsk,RU,50.6789,156.125,24.66,81,100,13.8,Snow
165,East London,ZA,-33.0153,27.9116,71.22,84,76,18.97,Rain
166,Norman Wells,CA,65.282,-126.8329,-19.82,96,41,5.03,Clouds
167,Leningradskiy,RU,69.3833,178.4167,1.83,94,100,11.5,Clouds
168,Pozo Colorado,PY,-23.4923,-58.7972,103.69,23,99,8.1,Clouds
169,Victoria,HK,22.2855,114.1577,55.45,30,22,18.01,Clouds
170,Port Hardy,CA,50.6996,-127.4199,41.9,81,97,7.0,Clouds
171,Jerantut,MY,3.936,102.3626,71.24,99,100,2.39,Rain
172,Biu,NG,10.6129,12.1946,83.01,13,52,5.64,Clouds
173,Acajutla,SV,13.5928,-89.8275,87.96,42,83,7.29,Clouds
174,Berlevag,NO,70.8578,29.0864,30.15,86,75,9.22,Clouds
175,Laguna,US,38.421,-121.4238,55.69,83,0,0.0,Clear
176,Dingle,PH,10.9995,122.6711,74.17,93,95,13.38,Clouds
177,Padang,ID,-0.9492,100.3543,76.37,86,100,3.29,Rain
178,Coffs Harbour,AU,-30.3,153.1333,75.16,88,75,10.36,Clouds
179,Noumea,NC,-22.2763,166.4572,78.01,99,99,5.79,Clouds
180,Constitucion,CL,-35.3333,-72.4167,72.55,49,3,13.18,Clear
181,Bereda,ES,43.2686,-7.5406,41.41,99,66,7.49,Clouds
182,Torbay,CA,47.6666,-52.7314,30.38,68,9,3.0,Clear
183,San Patricio,US,28.017,-97.5169,69.75,80,99,14.79,Clouds
184,Mitsamiouli,KM,-11.3847,43.2844,80.89,80,27,6.93,Clouds
185,Karratha,AU,-20.7377,116.8463,85.14,57,34,7.54,Clouds
186,Tres Arroyos,AR,-38.3739,-60.2798,90.57,20,0,7.99,Clear
187,New Norfolk,AU,-42.7826,147.0587,60.71,58,56,1.01,Clouds
188,Vao,NC,-22.6667,167.4833,76.98,65,100,6.93,Rain
189,Tatarsk,RU,55.219,75.9828,16.27,93,100,13.15,Clouds
190,Kenda,IN,23.2,86.5333,63.61,35,4,5.97,Clear
191,Thunder Bay,CA,48.4001,-89.3168,-1.93,79,11,6.15,Clouds
192,Caravelas,BR,-17.7125,-39.2481,84.07,63,69,10.4,Clouds
193,Bandarbeyla,SO,9.4942,50.8122,76.23,71,50,22.19,Clouds
194,Kaitangata,NZ,-46.2817,169.8464,50.04,91,4,3.58,Clear
195,Tasiilaq,GL,65.6145,-37.6368,24.96,93,100,13.56,Snow
196,Kropotkin,RU,45.4375,40.5756,37.65,76,100,8.63,Clouds
197,Marzuq,YE,14.4,46.4667,62.55,66,84,4.16,Clouds
198,Sola,VU,-13.8833,167.55,81.86,74,64,8.48,Clouds
199,Bac Lieu,VN,9.285,105.7244,74.68,78,100,9.01,Clouds
200,Kavieng,PG,-2.5744,150.7967,81.48,78,16,10.07,Rain
201,Kiunga,PG,-6.1219,141.2906,73.62,100,100,0.87,Rain
202,Elko,US,41.0002,-115.5012,31.05,90,98,7.11,Clouds
203,Tual,ID,-5.6667,132.75,81.27,76,97,7.0,Clouds
204,Port Augusta,AU,-32.5,137.7667,70.23,87,100,3.22,Rain
205,Xuddur,SO,4.1213,43.8894,79.07,25,0,11.52,Clear
206,Nizhneudinsk,RU,54.9076,99.0276,20.32,96,100,3.0,Snow
207,Ulaangom,MN,49.9811,92.0667,-18.47,95,85,2.73,Clouds
208,Toora-Khem,RU,52.4675,96.11,-5.19,98,84,1.86,Clouds
209,Avarua,CK,-21.2078,-159.775,80.65,78,39,9.22,Rain
210,Grindavik,IS,63.8424,-22.4338,39.67,87,75,16.11,Clouds
211,Port Macquarie,AU,-31.4333,152.9167,70.9,92,45,9.69,Clouds
212,Santa Maria,BR,-29.6842,-53.8069,88.84,38,81,2.77,Clouds
213,Lata,PT,40.1629,-8.3327,50.81,68,0,4.65,Clear
214,Nikolskoye,RU,59.7035,30.7861,22.89,87,97,11.45,Snow
215,Gat,IL,31.61,34.7642,63.81,100,22,4.32,Clouds
216,Dondo,MZ,-19.6094,34.7431,81.05,53,42,5.77,Clouds
217,Iskateley,RU,67.6803,53.1512,13.42,96,99,8.12,Clouds
218,Les Cayes,HT,18.2,-73.75,84.29,41,68,11.18,Clouds
219,Tommot,RU,58.9564,126.2925,-24.63,98,90,1.03,Clouds
220,Aklera,IN,24.4167,76.5667,65.55,52,0,7.96,Clear
221,Saint Anthony,US,45.0205,-93.218,7.25,67,0,8.05,Clear
222,Hasaki,JP,35.7333,140.8333,27.0,46,48,13.0,Clouds
223,Lugovoy,KZ,42.9472,72.7644,16.7,73,8,5.21,Clear
224,Atar,MR,20.5169,-13.0499,70.57,28,71,12.08,Clouds
225,Itarema,BR,-2.9248,-39.9167,85.39,62,35,15.82,Clouds
226,Namatanai,PG,-3.6667,152.4333,79.23,82,32,5.57,Rain
227,Pendleton,US,45.6721,-118.7886,40.6,82,100,9.22,Clouds
228,Rocha,UY,-34.4833,-54.3333,75.81,77,93,10.02,Clouds
229,Atherton,GB,53.5237,-2.4935,44.74,95,100,1.99,Clouds
230,Pandharpur,IN,17.6667,75.3333,74.88,26,0,9.84,Clear
231,Gambiran,ID,-6.7988,111.4951,73.78,97,100,3.65,Clouds
232,Potosi,BO,-19.5836,-65.7531,55.27,47,97,14.23,Clouds
233,Rodrigues Alves,BR,-7.738,-72.6509,92.73,44,86,3.53,Clouds
234,Hidalgo,MX,20.5,-99.0,69.33,31,2,1.16,Clear
235,Yulara,AU,-25.2406,130.9889,74.84,77,100,4.81,Clouds
236,Iquique,CL,-20.2208,-70.1431,77.04,74,27,6.69,Clouds
237,Ambon,ID,-3.6954,128.1814,78.24,15,40,5.75,Rain
238,Vertientes,CU,21.2594,-78.1464,84.81,39,66,18.45,Clouds
239,Nouadhibou,MR,20.931,-17.0347,64.96,74,79,21.72,Clouds
240,Capreol,CA,46.706,-80.9225,8.49,75,34,6.42,Clouds
241,Nishihara,JP,26.1842,127.7558,52.88,76,75,10.36,Clouds
242,Ojinaga,MX,29.5667,-104.4167,58.57,46,40,0.0,Clouds
243,Hamilton,US,39.1834,-84.5333,53.04,53,0,11.5,Clear
244,Axim,GH,4.8699,-2.2405,81.72,80,81,10.71,Clouds
245,Lorengau,PG,-2.0226,147.2712,80.6,81,43,5.64,Clouds
246,Lompoc,US,34.6391,-120.4579,54.61,85,75,1.01,Clouds
247,Vila Franca Do Campo,PT,37.7167,-25.4333,57.61,75,63,10.96,Clouds
248,Chenzhou,CN,25.8,113.0333,37.4,46,43,0.11,Clouds
249,Henties Bay,NA,-22.116,14.2845,65.41,83,57,8.81,Clouds
250,Qaqortoq,GL,60.7167,-46.0333,19.78,75,100,33.93,Clouds
251,Havoysund,NO,70.9963,24.6622,34.03,75,99,27.76,Snow
252,Sale,MA,34.0389,-6.8166,54.28,50,40,6.91,Clouds
253,Salalah,OM,17.0151,54.0924,73.49,38,0,10.36,Clear
254,Cidreira,BR,-30.1811,-50.2056,81.73,70,49,11.52,Clouds
255,Fortuna,US,40.5982,-124.1573,48.54,90,100,4.61,Clouds
256,Tiksi,RU,71.6872,128.8694,-27.63,99,100,4.79,Clouds
257,Areka,ET,7.0667,37.7,72.14,35,39,8.34,Clouds
258,Petropavlovsk-Kamchatskiy,RU,53.0452,158.6483,17.2,90,100,6.22,Clouds
259,Lac Du Bonnet,CA,50.2536,-96.0612,-8.9,89,69,7.72,Clouds
260,Hofn,IS,64.2539,-15.2082,40.73,85,100,7.07,Clouds
261,Nanakuli,US,21.3906,-158.1547,71.55,73,75,13.8,Clouds
262,Kharakvasla,IN,18.4333,73.7667,67.15,55,0,4.12,Clear
263,Qingdao,CN,36.0986,120.3719,33.57,38,0,9.66,Clear
264,Lavrentiya,RU,65.5833,-171.0,15.91,96,100,1.25,Clouds
265,Anadia,BR,-9.6844,-36.3042,89.1,39,1,15.61,Clear
266,Svetlyy,RU,54.675,20.1347,32.05,76,98,9.86,Clouds
267,Banda Aceh,ID,5.5577,95.3222,76.01,86,100,6.93,Rain
268,Monte Patria,CL,-30.6919,-70.9467,88.36,24,0,9.15,Clear
269,Salinopolis,BR,-0.6136,-47.3561,80.29,77,94,7.02,Clouds
270,Evensk,RU,61.95,159.2333,6.28,83,80,11.9,Clouds
271,Esperance,AU,-33.8667,121.9,59.52,68,0,8.37,Clear
272,Jilotepec,MX,19.6,-96.9333,67.8,54,34,6.42,Clouds
273,Ahipara,NZ,-35.1667,173.1667,66.65,96,85,6.49,Rain
274,Bondo,CD,3.8146,23.6866,79.63,32,37,2.53,Clouds
275,Llanes,ES,43.4198,-4.7549,48.88,77,94,5.79,Clouds
276,Pangody,RU,65.85,74.4859,3.34,96,100,7.7,Clouds
277,Dikson,RU,73.5069,80.5464,-13.31,96,99,7.11,Clouds
278,Veraval,IN,20.9,70.3667,70.88,78,0,7.81,Clear
279,Srednekolymsk,RU,67.45,153.6833,-23.57,98,97,1.9,Snow
280,Yingcheng,CN,30.95,113.55,36.72,29,0,6.04,Clear
281,Gao,ML,16.6362,1.637,71.02,6,100,11.92,Clouds
282,Cairns,AU,-16.9167,145.7667,79.07,94,40,3.44,Rain
283,Takoradi,GH,4.8845,-1.7554,82.15,77,83,11.95,Clouds
284,Vanavara,RU,60.34,102.2797,4.3,97,99,4.99,Clouds
285,Mogadishu,SO,2.0371,45.3438,76.82,82,0,23.29,Clear
286,Temir,KZ,49.1414,57.13,5.43,100,63,3.38,Clouds
287,Katobu,ID,-4.9408,122.5276,74.03,96,100,3.8,Rain
288,Lundazi,ZM,-12.2929,33.1782,66.06,90,97,3.06,Clouds
289,Sandpoint,US,48.2766,-116.5533,27.86,54,0,23.02,Clear
290,Nichlaul,IN,27.3167,83.7333,56.26,67,0,2.1,Clear
291,Kiyasovo,RU,56.3491,53.1244,13.15,94,99,2.53,Clouds
292,Port Blair,IN,11.6667,92.75,79.93,75,7,12.59,Clear
293,Vila Praia De Ancora,PT,41.811,-8.8526,52.11,64,3,17.96,Clear
294,Rathdrum,US,47.8137,-116.892,30.74,72,20,20.71,Clouds
295,Vardo,NO,70.3705,31.1107,32.88,95,99,11.65,Snow
296,Aranos,NA,-24.1333,19.1167,79.54,41,69,20.24,Rain
297,Aseri,EE,59.4506,26.8675,30.38,86,100,18.86,Clouds
298,Boca Del Monte,MX,19.15,-96.8167,75.61,48,36,5.97,Clouds
299,Komsomolskiy,UZ,40.4272,71.7189,30.92,74,100,2.3,Mist
300,Palaikastron,GR,35.2,26.25,56.66,70,62,6.73,Clouds
301,Asosa,ET,10.0667,34.5333,71.6,21,28,4.56,Clouds
302,Atasu,KZ,48.6814,71.6433,-3.48,93,91,3.13,Clouds
303,Amapa,BR,1.0,-52.0,81.1,79,100,3.44,Clouds
304,Darhan,MN,49.4867,105.9228,-4.18,93,20,6.33,Clouds
305,Sitka,US,57.0531,-135.33,33.69,86,0,0.0,Clear
306,Saskylakh,RU,71.9167,114.0833,-41.28,100,97,3.22,Clouds
307,Omsukchan,RU,62.5333,155.8,-28.93,98,97,2.77,Clouds
308,Ilulissat,GL,69.2167,-51.1,17.62,73,75,14.97,Snow
309,North Las Vegas,US,36.1989,-115.1175,53.58,43,0,3.44,Clear
310,Muros,ES,42.7762,-9.0603,49.14,63,26,16.2,Clouds
311,Fortuna Foothills,US,32.6578,-114.4119,60.85,22,0,11.5,Clear
312,Katsuura,JP,35.1333,140.3,38.61,52,35,5.37,Clouds
313,Carnarvon,AU,-24.8667,113.6333,75.33,77,0,20.04,Clear
314,Matara,LK,5.9485,80.5353,73.47,87,100,1.23,Clouds
315,Luanda,AO,-8.8368,13.2343,82.4,74,75,6.91,Clouds
316,Nome,US,64.5011,-165.4064,23.16,100,100,10.36,Mist
317,Mehamn,NO,71.0357,27.8492,30.15,80,40,14.97,Clouds
318,Ndele,CF,8.4109,20.6473,83.07,13,46,4.5,Clouds
319,Khorixas,NA,-20.3667,14.9667,74.39,45,1,17.29,Clear
320,Huarmey,PE,-10.0681,-78.1522,76.51,72,46,10.78,Clouds
321,Pacific Grove,US,36.6177,-121.9166,54.41,82,0,8.99,Clear
322,Preeceville,CA,51.95,-102.6677,-11.54,92,32,12.68,Clouds
323,Micheweni,TZ,-4.9667,39.8333,79.74,75,2,15.9,Clear
324,Solnechnyy,RU,50.7214,136.6319,-24.39,97,37,3.87,Clouds
325,Saint-Pierre,RE,-21.3393,55.4781,80.28,83,0,2.3,Clear
326,Kharp,RU,66.8014,65.8081,-3.5,93,66,7.05,Clouds
327,Asau,RO,46.4333,26.4,29.32,88,100,5.68,Clouds
328,Baruun-Urt,MN,46.6806,113.2792,3.45,86,22,9.28,Clouds
329,Lagoa,PT,39.05,-27.9833,57.52,79,75,16.37,Rain
330,Labuan,MY,5.2767,115.2417,77.56,87,98,13.24,Clouds
331,Coquimbo,CL,-29.9533,-71.3436,67.73,72,20,16.11,Clouds
332,Kampot,KH,10.6167,104.1833,78.85,58,93,11.54,Clouds
333,Araouane,ML,18.9048,-3.5265,62.94,10,87,7.65,Clouds
334,Ha Tinh,VN,18.3333,105.9,53.67,74,22,5.01,Clouds
335,Yushala,RU,57.0761,64.2601,8.82,98,94,5.5,Clouds
336,Joshimath,IN,30.5667,79.5667,40.51,34,0,9.82,Clear
337,Husavik,IS,66.0449,-17.3389,35.82,88,89,6.2,Clouds
338,Warwick,US,41.7001,-71.4162,52.77,43,20,20.71,Clouds
339,Amahai,ID,-3.3333,128.9167,78.39,86,99,3.53,Clouds
340,Bonthe,SL,7.5264,-12.505,81.77,73,55,10.8,Clouds
341,Waingapu,ID,-9.6567,120.2641,78.78,86,100,5.99,Rain
342,Hoquiam,US,46.9809,-123.8893,44.92,95,100,5.75,Mist
343,Aloleng,PH,16.1307,119.7824,73.67,69,90,8.99,Clouds
344,Le Vauclin,MQ,14.5452,-60.8388,82.45,54,7,12.66,Clear
345,Zyryanka,RU,65.75,150.85,-24.29,98,95,1.14,Clouds
346,Manggar,ID,-2.8833,108.2667,78.51,86,73,12.53,Clouds
347,La Rioja,ES,42.25,-2.5,31.78,95,100,10.22,Clouds
348,Gualeguay,AR,-33.1416,-59.3097,94.62,33,22,1.36,Clouds
349,Choya,RU,52.0108,86.5467,5.05,96,72,3.98,Clouds
350,Chabahar,IR,25.2919,60.643,65.26,66,40,5.21,Rain
351,Labytnangi,RU,66.6572,66.4183,-7.74,98,94,3.2,Clouds
352,Tecoanapa,MX,16.5167,-98.75,83.17,52,0,7.87,Clear
353,Feltre,IT,46.0235,11.907,39.92,83,74,1.99,Clouds
354,Chokurdakh,RU,70.6333,147.9167,-36.4,100,92,3.0,Clouds
355,Maplewood,US,44.953,-92.9952,7.09,67,0,6.91,Clear
356,Marsa Matruh,EG,31.3525,27.2453,60.75,54,36,5.64,Clouds
357,Xichang,CN,27.8964,102.2634,37.87,77,27,3.18,Clouds
358,Manbij,SY,36.5281,37.9549,45.01,77,53,15.21,Clouds
359,Villarrica,PY,-25.75,-56.4333,98.33,28,60,2.71,Clouds
360,Khani,GE,41.9563,42.9566,38.77,70,100,3.2,Clouds
361,Makasar,ID,-5.14,119.4221,75.25,100,40,4.61,Clouds
362,Ahuimanu,US,21.4447,-157.8378,71.31,90,75,8.05,Rain
363,Sigli,ID,5.3848,95.9609,74.68,93,100,4.94,Rain
364,Chuy,UY,-33.6971,-53.4616,76.78,76,98,3.65,Clouds
365,Faya,SA,18.3851,42.4509,55.92,63,3,2.68,Clear
366,Beringovskiy,RU,63.05,179.3167,13.37,98,85,6.64,Clouds
367,Totoral,PE,-17.4053,-70.365,68.13,75,65,8.63,Clouds
368,Gidam,IN,18.9833,81.4,65.07,35,7,2.68,Clear
369,Bilibino,RU,68.0546,166.4372,-4.18,95,97,3.15,Clouds
370,Fort Nelson,CA,58.8053,-122.7002,-6.05,84,0,4.0,Clear
371,Meulaboh,ID,4.1363,96.1285,75.58,87,99,2.62,Clouds
372,Amos,CA,48.5669,-78.1162,0.27,81,100,10.69,Clouds
373,Waipawa,NZ,-41.4122,175.5153,61.83,98,100,4.41,Clouds
374,Bull Savanna,JM,17.8868,-77.5902,82.13,49,64,12.97,Clouds
375,Geraldton,AU,-28.7667,114.6,70.21,78,0,16.11,Clear
376,Rincon,US,32.296,-81.2354,57.9,35,75,0.0,Clouds
377,Acapulco,MX,16.8634,-99.8901,85.82,58,0,3.44,Clear
378,Lazaro Cardenas,MX,17.9583,-102.2,85.05,31,4,6.51,Clear
379,Petrov Val,RU,50.1434,45.2096,15.19,94,100,4.88,Clouds
380,Pingyin,CN,36.2831,116.4453,27.45,27,0,8.16,Clear
381,Neuquen,AR,-38.9516,-68.0591,98.29,12,0,12.37,Clear
382,Kidal,ML,18.4411,1.4078,67.46,6,38,9.84,Clouds
383,Kirkwall,GB,58.9848,-2.9587,43.97,87,75,11.5,Clouds
384,Kargil,IN,34.5667,76.1,9.66,97,100,0.78,Snow
385,Flin Flon,CA,54.7682,-101.865,-11.36,64,40,6.91,Clouds
386,Ucluelet,CA,48.9329,-125.5528,41.31,94,85,8.3,Clouds
387,Bougouni,ML,11.417,-7.479,89.65,13,100,5.3,Clouds
388,Bafra,TR,41.5678,35.9069,52.83,86,33,4.61,Clouds
389,Sao Felix Do Xingu,BR,-6.6447,-51.995,82.02,76,98,1.79,Clouds
390,Zabaykalsk,RU,49.6333,117.3167,-0.45,99,84,8.52,Clouds
391,Welkom,ZA,-27.9864,26.7066,74.35,28,82,6.31,Clouds
392,Saint-Augustin,CA,51.226,-58.6502,9.45,79,90,3.83,Clouds
393,Japura,ID,-0.3167,102.35,72.57,97,100,3.78,Rain
394,Lufilufi,WS,-13.8745,-171.5986,81.59,74,30,11.34,Rain
395,Huilong,CN,31.8111,121.655,30.92,53,0,7.96,Clear
396,Luderitz,NA,-26.6481,15.1594,71.69,63,0,26.84,Clear
397,Kijang,KR,35.2442,129.2139,30.25,60,2,8.21,Clear
398,Huoqiu,CN,32.3394,116.2694,33.15,37,14,7.07,Clouds
399,Taoudenni,ML,22.6783,-3.9836,63.39,22,32,1.57,Clouds
400,Olpad,IN,21.3333,72.75,70.66,79,0,6.89,Clear
401,Agadez,NE,19.75,10.25,71.78,13,58,7.31,Clouds
402,Oakdale,US,44.963,-92.9649,6.8,69,0,6.91,Clear
403,Portland,US,45.5234,-122.6762,44.94,94,100,7.0,Clouds
404,Yeppoon,AU,-23.1333,150.7333,73.18,82,5,7.7,Clear
405,Ginda,IN,30.6945,78.4932,45.12,21,39,8.9,Clouds
406,Aswan,EG,24.0934,32.907,75.29,22,20,4.61,Clouds
407,Fairbanks,US,64.8378,-147.7164,16.09,81,100,0.0,Snow
408,Saint-Joseph,RE,-21.3667,55.6167,79.18,90,100,1.21,Clouds
409,Vila Velha,BR,-20.3297,-40.2925,85.95,77,40,16.11,Clouds
410,Sechelt,CA,49.4664,-123.7694,42.06,70,78,4.54,Clouds
411,Auce,LV,56.4598,22.9017,28.02,80,87,10.58,Clouds
412,Yerbogachen,RU,61.2767,108.0108,-19.5,100,100,0.85,Clouds
413,Valdosta,US,30.8327,-83.2785,61.7,34,0,10.36,Clear
414,Nsanje,MW,-16.92,35.262,82.31,56,68,3.38,Clouds
415,Port Hawkesbury,CA,45.6169,-61.3485,36.97,79,41,14.0,Clouds
416,Ikwiriri,TZ,-7.9562,38.9716,75.99,82,3,6.22,Clear
417,Hualmay,PE,-11.0964,-77.6139,76.75,69,51,11.25,Clouds
418,Nayagarh,IN,20.1333,85.1,66.43,84,0,2.35,Clear
419,Blois,FR,47.5833,1.3333,39.33,78,68,7.58,Clouds
420,Hami,CN,42.8,93.45,17.74,33,0,1.52,Clear
421,Beira,MZ,-19.8436,34.8389,80.69,83,20,4.61,Clouds
422,Kieta,PG,-6.2167,155.6333,78.98,84,17,2.8,Clouds
423,Lashio,MM,22.9333,97.75,55.35,69,2,1.54,Clear
424,Grand-Santi,GF,4.25,-54.3833,81.59,62,82,2.57,Clouds
425,Tehachapi,US,35.1322,-118.449,50.04,52,0,10.0,Clear
426,Hammerfest,NO,70.6634,23.6821,34.25,75,75,13.8,Clouds
427,Faanui,PF,-16.4833,-151.75,81.36,70,11,16.73,Clouds
428,Tambacounda,SN,13.7539,-13.7586,95.05,12,0,6.91,Clear
429,Leh,IN,34.1667,77.5833,13.86,81,99,2.42,Clouds
430,Naze,JP,28.3667,129.4833,47.32,66,97,12.01,Clouds
431,Yarada,IN,17.65,83.2667,70.12,100,40,2.3,Mist
432,Muncar,ID,-8.4333,114.3333,73.94,95,100,3.33,Clouds
433,Alofi,NU,-19.0595,-169.9187,76.89,94,95,3.44,Clouds
434,San Cristobal,VE,7.7669,-72.225,75.38,38,36,4.03,Clouds
435,Arrecife,ES,28.963,-13.5477,64.38,55,40,16.11,Clouds
436,Tarko-Sale,RU,64.9225,77.785,-4.81,100,79,8.21,Clouds
437,Rio Tercero,AR,-32.173,-64.1141,86.45,60,49,5.3,Clouds
438,Altay,CN,47.8667,88.1167,5.59,67,0,6.51,Clear
439,Anloga,GH,5.7947,0.8973,81.95,80,97,16.78,Clouds
440,Bangkalan,ID,-7.0455,112.7351,75.15,93,100,8.97,Clouds
441,Snezhnogorsk,RU,69.1933,33.2531,31.78,85,100,17.76,Clouds
442,Isoka,ZM,-10.1606,32.6335,64.45,95,99,2.64,Rain
443,Kyren,RU,51.6828,102.1408,5.61,83,40,2.64,Clouds
444,Bosaso,SO,11.2842,49.1816,76.57,73,13,9.37,Clouds
445,Morvi,IN,22.8167,70.8333,67.37,39,1,7.07,Clear
446,Wuwei,CN,37.9281,102.6414,20.19,41,55,1.61,Clouds
447,Rizhao,CN,35.4275,119.4553,28.85,34,0,7.94,Clear
448,Merzifon,TR,40.8733,35.4631,33.26,75,40,5.75,Clouds
449,Harer,ET,9.3094,42.1258,63.05,55,38,5.68,Clouds
450,Kandrian,PG,-6.2167,149.55,77.4,88,66,4.52,Rain
451,Kapustin Yar,RU,48.5831,45.7372,20.52,90,91,7.14,Clouds
452,Mosquera,CO,4.7059,-74.2302,68.09,42,20,11.5,Clouds
453,Talant,FR,47.3369,5.0089,36.41,75,100,13.8,Clouds
454,Haines Junction,CA,60.7522,-137.5108,1.72,99,98,0.63,Clouds
455,Isla Aguada,MX,18.7833,-91.4667,78.84,75,91,11.5,Clouds
456,Tiznit,MA,29.5833,-9.5,51.28,58,3,9.62,Clear
457,Hvide Sande,DK,56.0045,8.1294,38.08,83,100,15.41,Clouds
458,Boguchany,RU,58.3814,97.4531,9.32,98,100,2.91,Clouds
459,Ploemeur,FR,47.7333,-3.4333,42.82,70,100,10.36,Clouds
460,San Angelo,US,31.4638,-100.437,60.94,65,0,17.27,Clear
461,Birin,NP,26.8865,88.0718,50.07,74,43,4.03,Clouds
462,Mackenzie,CA,55.2999,-123.1698,5.22,47,0,3.44,Clear
463,Baishishan,CN,43.5833,127.5667,-0.06,96,100,1.7,Clouds
464,Acurenam,GQ,1.0322,10.6488,69.85,90,91,3.33,Rain
465,Rio Grande,BR,-32.035,-52.0986,81.68,69,79,12.26,Clouds
466,Olafsvik,IS,64.8945,-23.7142,40.01,84,82,18.7,Clouds
467,Kautokeino,NO,69.0125,23.0412,9.99,91,93,7.0,Clouds
468,Bundaberg,AU,-24.85,152.35,72.21,98,19,2.68,Clouds
469,Paita,PE,-5.0892,-81.1144,78.46,65,87,10.4,Clouds
470,Somogyvar,HU,46.5814,17.6629,33.31,89,97,9.22,Clouds
471,Los Llanos De Aridane,ES,28.6585,-17.9182,58.12,79,75,16.11,Clouds
472,Moose Factory,CA,51.2585,-80.6094,-13.0,64,0,13.8,Clear
473,Marsaxlokk,MT,35.8419,14.5431,48.81,81,75,17.27,Clouds
474,Gharo,PK,24.7424,67.5856,59.22,14,25,6.8,Clouds
475,Prado,BR,-17.3411,-39.2208,81.82,70,94,10.27,Clouds
476,Hanyang,CN,32.1371,105.5126,36.86,31,0,1.03,Clear
477,Abeokuta,NG,7.15,3.35,80.78,77,72,7.47,Rain
478,Kulhudhuffushi,MV,6.6221,73.07,79.95,75,2,5.82,Clear
479,Mashhad,IR,36.297,59.6062,33.94,64,0,4.61,Clear
480,Sosnogorsk,RU,63.6023,53.8817,18.63,94,100,9.28,Snow
481,Tanabi,BR,-20.6264,-49.6492,88.02,70,99,7.45,Clouds
482,Simi,SL,9.5667,-12.35,96.82,24,61,3.85,Clouds
483,Coahuayana,MX,18.7333,-103.6833,89.83,21,5,6.2,Clear
484,Sabang,ID,5.8933,95.3214,77.88,83,100,12.3,Rain
485,Lasa,IT,46.6166,10.7002,32.02,90,65,3.94,Clouds
486,Deputatskiy,RU,69.3,139.9,-24.05,97,100,2.98,Clouds
487,Iguape,BR,-24.7081,-47.5553,84.04,66,13,10.89,Clouds
488,Raton,US,36.9034,-104.4391,41.61,42,0,9.22,Clear
489,Noyabrsk,RU,63.1994,75.4507,1.89,96,82,8.77,Clouds
490,Kuytun,RU,54.3419,101.5036,18.45,96,100,7.31,Snow
491,Cabedelo,BR,-6.9811,-34.8339,84.87,59,12,15.68,Clouds
492,Aripuana,BR,-9.1667,-60.6333,84.11,72,98,1.32,Clouds
493,Rassvet,RU,46.8333,40.75,34.02,85,100,13.47,Clouds
494,Belfast,GB,54.5833,-5.9333,44.42,87,100,4.61,Clouds
495,Sur,OM,22.5667,59.5289,68.47,70,25,18.97,Clouds
496,Umm Lajj,SA,25.0213,37.2685,75.11,64,3,3.87,Clear
497,Sungai Besar,MY,3.6746,100.9867,75.06,89,99,5.08,Rain
498,Svetlogorsk,BY,52.6333,29.7333,27.46,88,100,3.0,Clouds
499,Ulverstone,AU,-41.15,146.1667,59.22,82,100,6.55,Rain
500,Yatou,CN,37.15,122.3833,22.66,65,0,7.54,Clear
501,Ust-Ilimsk,RU,58.0006,102.6619,10.18,96,100,4.65,Clouds
502,Mastic Beach,US,40.7668,-72.8521,52.57,58,0,18.01,Clear
503,San Martin,AR,-33.081,-68.4681,88.34,30,1,10.16,Clear
504,Gushikawa,JP,26.3544,127.8686,52.83,81,75,0.0,Clouds
505,Tiarei,PF,-17.5333,-149.3333,82.42,74,6,15.1,Clear
506,Sri Aman,MY,1.2376,111.4621,77.05,94,100,0.0,Clouds
507,Doctor Juan Manuel Frutos,PY,-25.3667,-55.8,98.17,25,68,4.54,Clouds
508,Ixtapa,MX,20.7,-105.2,76.23,57,100,0.0,Clouds
509,Lebork,PL,54.5392,17.7501,34.48,82,79,8.61,Clouds
510,Alugan,PH,12.2188,125.4808,77.63,82,88,8.25,Clouds
511,Tamala,RU,52.541,43.2515,10.71,94,100,4.56,Clouds
512,Itoman,JP,26.1247,127.6694,53.62,71,75,9.22,Clouds
513,Morlaix,FR,48.5833,-4.0,43.07,74,100,6.91,Clouds
514,Irbil,IQ,36.1926,44.0106,46.22,81,75,9.22,Clouds
515,Gloversville,US,43.0528,-74.3438,42.84,75,40,14.97,Clouds
516,Tuatapere,NZ,-46.1333,167.6833,51.48,88,6,2.13,Clear
517,Sambava,MG,-14.2667,50.1667,78.08,91,66,4.76,Rain
518,Adrar,MR,20.5022,-10.0711,65.34,30,38,8.81,Clouds
519,Honavar,IN,14.2833,74.45,71.1,87,56,3.58,Clouds
520,Almaznyy,RU,48.0448,40.045,29.21,86,100,13.91,Clouds
521,Saquarema,BR,-22.92,-42.5103,87.84,81,61,7.81,Clouds
522,Beyneu,KZ,45.3167,55.2,28.85,52,0,9.37,Clear
523,El Alto,PE,-4.2714,-81.2147,87.46,65,95,7.81,Clouds
524,Havelock,US,34.8791,-76.9013,60.94,38,0,1.01,Clear
525,Camabatela,AO,-8.1881,15.375,62.98,95,79,2.86,Rain
526,Pandan,PH,14.0453,124.1694,74.61,91,100,26.06,Clouds
527,Russell,US,32.3502,-85.1999,58.28,30,0,3.44,Clear
528,Kasongo-Lunda,CD,-6.4667,16.8167,75.83,79,60,3.69,Rain
529,Mangaratiba,BR,-22.9597,-44.0406,86.86,81,37,4.52,Clouds
530,Plettenberg Bay,ZA,-34.0527,23.3716,63.59,78,100,13.98,Rain
531,Ukiah,US,39.1502,-123.2078,51.1,80,0,1.01,Clear
532,Port-Gentil,GA,-0.7193,8.7815,80.56,83,40,3.44,Clouds
533,Praia Da Vitoria,PT,38.7333,-27.0667,60.76,82,40,9.19,Rain
534,Karasjok,NO,69.4719,25.5112,8.33,92,42,3.13,Clouds
535,Puro,PH,12.4841,123.3827,74.91,87,99,19.44,Clouds
536,Peleduy,RU,59.6289,112.7406,2.57,98,100,2.71,Snow
537,Honiara,SB,-9.4333,159.95,78.44,86,95,1.23,Clouds
538,Trairi,BR,-3.2778,-39.2689,85.39,63,52,14.56,Clouds
539,Te Anau,NZ,-45.4167,167.7167,51.08,73,0,0.72,Clear
540,Progreso,MX,21.2833,-89.6667,80.71,69,51,14.16,Clouds
541,Vestmannaeyjar,IS,63.4427,-20.2734,43.79,87,40,18.41,Clouds
542,Guhagar,IN,17.4842,73.1929,71.02,88,0,2.71,Clear
543,Tevaitoa,PF,-16.7833,-151.5,81.37,71,11,16.31,Clouds
544,Dicabisagan,PH,17.0818,122.4157,69.4,86,100,12.48,Clouds
545,Pedernales,DO,18.0384,-71.744,81.03,56,33,5.95,Clouds
546,Middlebury,US,44.0153,-73.1673,41.0,58,100,9.22,Clouds
547,Tera,NE,14.0078,0.7531,79.56,9,100,9.48,Clouds
548,Puerto Carreno,CO,6.189,-67.4859,93.76,28,14,11.03,Clouds
549,Hovd,MN,48.0056,91.6419,-0.31,82,1,1.21,Clear
550,Divnomorskoye,RU,44.5011,38.1353,48.58,82,100,12.66,Clouds
551,Nizhneangarsk,RU,55.7833,109.55,-4.11,88,51,6.02,Clouds
552,Shebunino,RU,46.4339,141.8603,15.26,82,100,20.83,Snow
553,Opuwo,NA,-18.0607,13.84,76.33,51,82,17.47,Clouds
554,Ayan,RU,56.45,138.1667,-15.18,86,38,5.37,Clouds
555,Guanaja,HN,16.4,-85.9,79.57,68,21,14.7,Clouds
556,Nanortalik,GL,60.1432,-45.2371,23.85,76,100,38.5,Clouds
557,Ust-Ordynskiy,RU,52.805,104.7508,5.83,99,100,0.76,Clouds
558,Santa Cruz Del Sur,CU,20.7147,-77.9956,84.25,51,67,14.47,Rain
559,Mount Gambier,AU,-37.8333,140.7667,58.93,94,100,6.06,Clouds
560,Osakarovka,KZ,50.565,72.5692,2.01,90,10,11.39,Clear
561,Masuguru,TZ,-11.3667,38.4167,78.67,68,31,5.26,Clouds
562,Pafos,CY,34.7667,32.4167,58.78,72,75,13.8,Rain
563,Sanary-Sur-Mer,FR,43.1178,5.8001,45.86,78,89,1.01,Clouds
564,Mnogovershinnyy,RU,53.9353,139.9242,-22.29,86,63,4.65,Clouds
565,Prince Albert,CA,53.2001,-105.7677,-4.05,65,75,19.57,Clouds
566,Bud,US,39.447,-86.1758,52.75,67,100,10.87,Clouds
567,Talnakh,RU,69.4865,88.3972,-2.56,97,99,6.15,Clouds
568,Keflavik,IS,64.0049,-22.5624,39.63,93,75,10.36,Clouds
569,Qurayyat,SA,31.3318,37.3428,62.78,34,0,11.5,Clear
570,Peniche,PT,39.3558,-9.3811,51.93,70,0,16.91,Clear
571,Riviere-Au-Renard,CA,48.9957,-64.3971,30.49,86,100,20.92,Clouds
572,Terrace Bay,CA,48.7834,-87.1,-2.79,83,38,6.02,Clouds
573,Hervey Bay,AU,-25.2986,152.8535,75.99,82,7,4.61,Clear
574,Touros,BR,-5.1989,-35.4608,85.05,55,28,16.96,Clouds
575,Gazojak,TM,41.1875,61.4036,28.85,56,0,9.53,Clear
576,Makokou,GA,0.5738,12.8642,73.78,79,64,4.21,Clouds
577,Abu Samrah,SY,35.3029,37.1841,52.74,72,58,8.95,Clouds
578,Qasigiannguit,GL,68.8193,-51.1922,17.85,91,100,17.22,Clouds
579,Takaka,NZ,-40.85,172.8,63.19,92,100,5.21,Rain
580,Split,HR,43.5089,16.4392,42.91,49,20,9.22,Clouds
581,Nizhnyaya Tavda,RU,57.6731,66.1725,12.06,97,79,6.15,Clouds
582,Poum,NC,-20.2333,164.0167,79.52,80,100,7.81,Clouds
583,Cherepovets,RU,59.1333,37.9,19.22,93,100,6.71,Mist
584,Papenburg,DE,53.0667,7.4,38.97,87,89,1.99,Clouds
585,Chumikan,RU,54.7183,135.315,-19.79,86,43,20.13,Clouds
586,Superior,US,46.7208,-92.1041,6.53,57,0,8.05,Clear
587,Roblin,CA,51.23,-101.3565,-15.79,95,91,11.81,Clouds
588,Riyadh,SA,24.6877,46.7219,55.54,35,0,5.64,Clear
589,Escanaba,US,45.7453,-87.0646,19.26,60,20,4.61,Clouds
590,Merke,KZ,42.8728,73.1786,20.91,69,29,5.75,Clouds
591,Mananjary,MG,-21.2167,48.3333,79.14,88,100,6.44,Rain
592,Kununurra,AU,-15.7667,128.7333,80.58,74,40,11.5,Rain
593,Zonguldak,TR,41.25,31.8333,41.0,96,100,4.29,Rain
594,San Jeronimo,PE,-11.9472,-75.2829,58.55,64,94,5.97,Clouds
595,Cahir,IE,52.3769,-7.9217,46.53,93,95,5.06,Clouds
596,Ikom,NG,5.9667,8.7063,83.14,62,84,2.15,Rain
597,Demba,CD,-5.51,22.2667,69.75,94,83,2.33,Rain
598,Vuktyl,RU,63.8567,57.3094,13.93,94,100,10.18,Clouds
599,Saint-Georges,GD,12.0564,-61.7485,74.88,88,75,11.5,Rain
600,Calvia,ES,39.5657,2.5062,43.41,86,100,7.94,Clouds
601,Waw,SS,7.7029,27.9953,85.28,17,40,2.53,Clouds
602,Medea,DZ,36.2642,2.7539,35.37,89,85,4.03,Clouds
603,Mikhaylovka,RU,50.06,43.2379,16.7,92,100,6.51,Clouds
604,Lima,PE,-12.0432,-77.0282,75.45,69,0,10.36,Clear
605,Rosetta,EG,31.4044,30.4164,60.85,68,11,7.76,Clouds
606,Nemuro,JP,43.3236,145.575,16.2,68,75,23.91,Clouds
607,Labuhan,ID,-6.8844,112.2051,75.7,93,100,5.77,Rain
608,Manaus,BR,-3.1019,-60.025,86.5,78,75,3.44,Rain
609,Nisia Floresta,BR,-6.0911,-35.2086,88.61,47,6,14.88,Clear
610,Pervomaysk,UA,48.0443,30.8507,29.59,67,100,11.9,Clouds
611,Kampong Chhnang,KH,12.1667,104.55,70.83,63,93,6.26,Clouds
612,Makat,KZ,47.6469,53.3463,27.72,59,0,8.16,Clear
613,Roald,NO,62.5833,6.1333,41.9,75,75,16.11,Rain
614,Carauari,BR,-4.8828,-66.8958,75.97,89,100,2.06,Rain
615,Aitape,PG,-3.1374,142.3475,77.25,88,96,3.87,Clouds
616,Ypsonas,CY,34.6884,32.9574,59.29,67,0,4.61,Clear
617,Poshekhonye,RU,58.4993,39.1353,6.06,98,75,5.77,Clouds
618,Lusambo,CD,-4.9667,23.45,71.96,95,94,3.42,Clouds
619,Belyy Yar,RU,53.6039,91.3903,28.29,59,0,17.9,Clear
620,Yagodnoye,RU,62.55,149.6667,-19.28,100,100,1.16,Clouds
621,Manaure,CO,11.7751,-72.4445,85.12,48,6,19.51,Clear
622,Basco,PH,20.4487,121.9702,67.35,70,100,26.55,Clouds
623,Sioux Lookout,CA,50.1001,-91.917,-11.13,70,40,9.22,Clouds
624,Coos Bay,US,43.3665,-124.2179,45.0,99,100,3.44,Mist
625,Dongsheng,CN,39.8161,109.9776,14.14,35,3,16.69,Clear
626,Kursenai,LT,55.985,22.9189,25.05,78,69,10.87,Clouds
627,Abha,SA,18.2164,42.5053,57.02,82,20,4.61,Clouds
628,Otane,NZ,-39.8833,176.6333,67.01,99,100,4.07,Clouds
629,Poddorye,RU,57.4695,31.1156,16.52,96,74,6.73,Clouds
630,Maridi,SS,4.9158,29.4742,85.64,24,40,4.88,Clouds
631,Bontang,ID,0.1333,117.5,76.41,90,97,3.76,Clouds
632,Jian,CN,27.1172,114.9793,36.81,45,3,1.36,Clear
633,Basoko,CD,1.2391,23.616,81.36,52,75,2.73,Clouds
634,Kajaani,FI,64.2273,27.7285,32.05,80,100,10.36,Clouds
635,Lobva,RU,59.1854,60.5185,2.52,96,24,4.29,Clouds
636,Mamit,IN,23.9333,92.4833,53.51,67,8,2.64,Clear
637,Tarkwa,GH,5.3064,-1.9847,81.84,73,79,8.16,Clouds
638,Clyde River,CA,70.4692,-68.5914,-1.97,78,100,24.16,Clouds
639,Kudahuvadhoo,MV,2.6708,72.8944,80.89,74,94,13.56,Clouds
640,Yar-Sale,RU,66.8333,70.8333,-2.07,97,100,7.36,Clouds
641,Inuvik,CA,68.3499,-133.7218,-5.04,77,20,11.5,Clouds
642,Palmas,BR,-10.2128,-48.3603,80.47,78,40,5.75,Thunderstorm
643,Tokoroa,NZ,-38.2333,175.8667,65.95,82,100,4.0,Clouds
644,Rokytne,UA,51.2796,27.214,28.02,93,100,3.78,Clouds
645,Lincoln,US,40.8,-96.667,21.29,81,100,20.71,Clouds
646,Turukhansk,RU,65.8167,87.9833,9.43,95,100,8.77,Snow
647,Palauig,PH,15.435,119.9045,74.79,70,97,6.17,Clouds
648,Churapcha,RU,62.0025,132.4325,-53.54,100,88,1.74,Clouds
649,Quelimane,MZ,-17.8786,36.8883,82.35,78,20,6.91,Clouds
650,Nogliki,RU,51.8333,143.1667,-5.39,79,100,19.86,Clouds
651,Hambantota,LK,6.1241,81.1185,75.92,76,99,7.67,Clouds
652,Kerman,IR,30.2832,57.0788,26.46,100,15,0.0,Clouds
653,Pinega,RU,64.7001,43.3936,23.09,88,100,12.93,Clouds
654,Marsh Harbour,BS,26.5412,-77.0636,71.35,71,79,19.71,Clouds
655,Porbandar,IN,21.6422,69.6093,69.39,54,0,9.04,Clear
656,Biak,ID,-0.9131,122.8766,75.83,87,88,2.68,Rain
657,Ati,TD,13.2154,18.3353,85.14,10,79,7.76,Clouds
658,Assiniboia,CA,49.6334,-105.9845,-4.18,71,89,14.97,Clouds
659,Pahrump,US,36.2083,-115.9839,46.26,45,0,1.01,Clear
660,Bouar,CF,5.934,15.596,78.28,25,100,1.92,Clouds
661,Tambura,SS,5.6,27.4667,83.28,18,11,5.17,Clouds
662,Jaguaruna,BR,-28.615,-49.0256,87.87,54,25,10.4,Clouds
663,Kaeo,NZ,-35.1,173.7833,70.32,97,96,5.88,Clouds
664,Beroroha,MG,-21.6667,45.1667,76.21,83,97,9.28,Clouds
665,Goya,AR,-29.14,-59.2626,92.57,38,100,6.13,Clouds
